,City,City ID,Country,Latitude,Longitude,Temperature,Humidity,Cloudiness,Wind Speed,Date
0,North Bend,5742974,US,43.41,-124.22,63.0,77,1,13.87,1562558701
1,Male,695464,UA,50.74,33.7,61.61,94,100,3.71,1562558701
2,Mahebourg,934322,MU,-20.41,57.7,71.01,100,75,1.12,1562558702
3,Punta Arenas,3874787,CL,-53.16,-70.91,39.2,93,75,9.17,1562558583
4,Mataura,6201424,NZ,-46.19,168.86,45.0,82,100,8.99,1562558702
5,Tasiilaq,3424607,GL,65.61,-37.64,44.6,70,0,1.12,1562558702
6,Puerto Ayora,3652764,EC,-0.74,-90.35,71.01,95,7,14.7,1562558703
7,Clyde River,5924351,CA,70.47,-68.59,37.4,100,90,8.05,1562558703
8,Atuona,4020109,PF,-9.8,-139.03,80.06,76,3,13.35,1562558703
9,Zunyi,1783621,CN,27.73,106.92,66.15,99,100,3.38,1562558703
10,Kapaa,5848280,US,22.08,-159.32,84.2,66,20,12.75,1562558704
11,Port Alfred,964432,ZA,-33.59,26.89,57.99,70,1,5.01,1562558704
12,Mar del Plata,3863379,AR,-46.43,-67.52,39.31,87,100,6.38,1562558704
13,Thompson,6165406,CA,55.74,-97.86,62.6,93,90,4.7,1562558705
14,Bredasdorp,1015776,ZA,-34.53,20.04,61.0,67,2,14.99,1562558705
15,Barranca,3946820,PE,-10.75,-77.76,62.96,89,35,12.55,1562558705
16,Cidreira,3466165,BR,-30.17,-50.22,44.15,87,26,2.95,1562558705
17,Kerouane,2417886,GN,12.23,-12.34,91.4,52,75,6.93,1562558705
18,College,5859699,US,64.86,-147.8,78.8,44,1,4.7,1562558706
19,Ikongo,1064234,MG,-21.88,47.44,51.6,74,0,1.12,1562558706
20,Sao Felix do Xingu,3388847,BR,-6.64,-51.99,70.36,90,24,1.63,1562558706
21,Barrow,3833859,AR,-38.31,-60.23,45.59,73,65,13.85,1562558707
22,Yellowknife,6185377,CA,62.45,-114.38,48.2,76,75,16.11,1562558707
23,Qaqortoq,3420846,GL,60.72,-46.03,60.8,26,98,34.45,1562558707
24,Yumen,1528998,CN,40.29,97.04,73.11,36,65,7.54,1562558707
25,Fortuna,5563839,US,40.6,-124.16,64.99,93,90,9.17,1562558692
26,Souillac,3026644,FR,45.6,-0.6,64.99,93,0,5.14,1562558708
27,Makaryev,532138,RU,57.88,43.81,52.93,92,100,6.46,1562558708
28,Rikitea,4030556,PF,-23.12,-134.97,70.5,90,100,36.28,1562558537
29,Rincon,3711668,PA,8.46,-82.28,55.0,94,100,5.39,1562558709
30,Ust-Ishim,1488206,RU,57.69,71.17,65.25,67,40,7.76,1562558709
31,Bembereke,2395182,BJ,10.23,2.66,74.48,90,85,7.11,1562558709
32,Porto Walter,3662761,BR,-8.27,-72.74,60.48,79,0,2.3,1562558709
33,Erzin,296852,TR,36.95,36.2,79.0,94,40,1.57,1562558710
34,Nome,4732862,US,30.04,-94.42,84.99,94,1,5.82,1562558710
35,Svetlogorsk,584051,RU,53.14,59.15,62.6,55,100,8.95,1562558710
36,Albany,5106834,US,42.65,-73.75,66.0,72,1,3.36,1562558411
37,Poum,787487,MK,41.28,20.71,55.4,87,0,2.06,1562558710
38,Castro,3896218,CL,-42.48,-73.76,50.0,100,90,14.99,1562558711
39,Qaanaaq,3831208,GL,77.48,-69.36,43.57,65,100,2.75,1562558711
40,Cape Town,3369157,ZA,-33.93,18.42,61.0,87,90,11.41,1562558469
41,Bluff,2175403,AU,-23.58,149.07,68.43,66,61,10.69,1562558711
42,Jamestown,2069194,AU,-33.21,138.6,55.35,66,50,7.76,1562558411
43,Butaritari,2110227,KI,3.07,172.79,82.4,80,100,15.17,1562558711
44,Chuy,3443061,UY,-33.69,-53.46,42.66,76,100,7.38,1562558712
45,Kavieng,2094342,PG,-2.57,150.8,83.44,74,6,9.51,1562558712
46,Hermanus,3366880,ZA,-34.42,19.24,61.0,77,100,8.99,1562558586
47,Avarua,4035715,CK,-21.21,-159.78,75.2,73,67,6.93,1562558575
48,Namwala,901766,ZM,-15.75,26.45,46.6,46,0,4.16,1562558712
49,Tigil,2120612,RU,57.8,158.67,57.69,62,83,14.7,1562558713
50,Moranbah,6533368,AU,-22.0,148.04,71.35,61,68,14.58,1562558713
51,Cabo San Lucas,3985710,MX,22.89,-109.91,86.0,69,75,4.7,1562558606
52,Mosjoen,3145386,NO,65.84,13.19,52.0,93,75,6.93,1562558713
53,Berlevag,780687,NO,70.86,29.09,45.0,82,47,8.25,1562558713
54,San Quintin,1688687,PH,17.54,120.52,85.51,69,35,8.68,1562558714
55,Los Llanos de Aridane,2514651,ES,28.66,-17.92,71.6,73,75,14.99,1562558714
56,Novikovo,487928,RU,51.15,37.89,61.56,95,100,7.76,1562558714
57,Byron Bay,2172880,AU,-28.65,153.62,64.99,88,90,4.7,1562558715
58,Seymchan,2121373,RU,62.93,152.39,65.26,41,33,10.76,1562558715
59,Talnakh,1490256,RU,69.49,88.39,53.6,71,40,26.84,1562558715
60,Goderich,5962442,CA,43.74,-81.71,61.0,83,33,12.15,1562558715
61,Georgetown,3378644,GY,6.8,-58.16,75.2,94,0,2.24,1562558716
62,Nikolskoye,546105,RU,59.7,30.79,57.99,87,23,4.47,1562558716
63,Pundaguitan,1698289,PH,6.37,126.17,83.1,71,6,6.76,1562558716
64,Pevek,2122090,RU,69.7,170.27,46.38,71,78,10.13,1562558716
65,Millport,2642503,GB,55.75,-4.92,50.0,93,100,1.12,1562558716
66,Faanui,4034551,PF,-16.48,-151.75,78.8,85,100,16.02,1562558717
67,Hilo,5855927,US,19.71,-155.08,84.2,58,75,10.29,1562558717
68,Hami,1529484,CN,42.84,93.51,83.62,25,3,5.17,1562558717
69,Codrington,2160063,AU,-28.95,153.24,64.4,77,90,2.24,1562558717
70,Carnarvon,1014034,ZA,-30.97,22.13,41.45,75,0,7.49,1562558718
71,Bambous Virieux,1106677,MU,-20.34,57.76,71.01,100,75,1.12,1562558718
72,Lasa,146639,CY,34.92,32.53,77.0,78,0,2.24,1562558718
73,Beni,219057,CD,0.49,29.47,63.81,99,97,0.49,1562558719
74,Batemans Bay,2176639,AU,-35.71,150.18,61.0,94,100,5.01,1562558719
75,Teya,3526662,MX,21.05,-89.07,80.6,74,75,4.7,1562558719
76,Marystown,6067472,CA,47.17,-55.16,53.2,76,0,9.8,1562558719
77,Port Hawkesbury,6111867,CA,45.62,-61.36,57.99,93,1,6.33,1562558720
78,Busselton,2075265,AU,-33.64,115.35,64.99,54,12,14.0,1562558584
79,Hobart,2163355,AU,-42.88,147.33,57.2,58,35,16.11,1562558720
80,Pacific Grove,5380437,US,36.62,-121.92,63.0,87,75,5.82,1562558721
81,Ucluelet,6171633,CA,48.94,-125.55,63.0,92,100,7.65,1562558687
82,Flinders,6255012,AU,-34.58,150.85,66.2,55,75,14.99,1562558721
83,Ushuaia,3833367,AR,-54.81,-68.31,41.0,75,20,6.93,1562558509
84,Beni Suef,359173,EG,29.07,31.1,69.51,69,0,4.23,1562558721
85,Preobrazheniye,2017658,RU,42.9,133.91,76.42,48,0,5.97,1562558722
86,Jalu,86049,LY,29.03,21.55,75.15,52,0,4.43,1562558722
87,Bethel,5880568,US,60.79,-161.76,86.0,48,75,6.93,1562558722
88,Grindavik,3416888,IS,63.84,-22.43,46.4,81,40,17.22,1562558722
89,Kapit,1737185,MY,2.02,112.94,85.64,66,74,2.33,1562558723
90,Guerrero Negro,4021858,MX,27.97,-114.04,64.89,85,0,13.35,1562558723
91,Grand Gaube,934479,MU,-20.01,57.66,71.01,100,75,1.12,1562558723
92,Aykhal,2027296,RU,65.95,111.51,64.4,77,90,4.47,1562558724
93,Panormos,261715,GR,38.37,22.25,77.0,55,0,1.99,1562558724
94,Caravelas,3466980,BR,-17.73,-39.27,70.77,77,99,21.45,1562558724
95,Wencheng,6972233,CN,27.79,120.09,73.36,90,100,1.3,1562558724
96,Dosso,2445488,NE,13.05,3.19,86.61,51,0,13.18,1562558725
97,Dandong,2037886,CN,40.12,124.37,77.22,52,47,8.16,1562558725
98,Matay,352628,EG,28.42,30.79,72.61,55,0,7.31,1562558725
99,Tuktoyaktuk,6170031,CA,69.44,-133.03,46.4,81,75,8.05,1562558725
100,Huarmey,3939168,PE,-10.07,-78.15,63.1,90,78,9.46,1562558726
101,Portland,4975802,US,43.66,-70.25,64.0,77,1,5.82,1562558102
102,Batangafo,2389691,CF,7.3,18.29,70.34,99,100,1.68,1562558726
103,Chicama,3698359,PE,-7.84,-79.15,62.6,93,90,6.93,1562558726
104,Tuatapere,2180815,NZ,-46.13,167.69,45.0,82,100,8.99,1562558726
105,New Norfolk,2155415,AU,-42.78,147.06,57.2,58,35,16.11,1562558727
106,Tiksi,2015306,RU,71.64,128.87,47.41,73,37,8.63,1562558727
107,Torbay,6167817,CA,47.66,-52.73,55.99,100,20,6.93,1562558727
108,Alofi,4036284,NU,-19.06,-169.92,78.8,69,53,8.05,1562558577
109,Andreapol,582105,RU,56.65,32.27,49.87,99,71,4.41,1562558728
110,Hasaki,2112802,JP,35.73,140.83,73.0,82,75,18.34,1562558728
111,Wewak,2083537,PG,-3.55,143.63,84.49,63,78,7.58,1562558728
112,Geraldton,5960603,CA,49.72,-86.95,57.2,76,90,6.93,1562558728
113,Puerto Vallarta,3991328,MX,20.61,-105.23,84.2,54,90,9.17,1562558729
114,Raudeberg,3146487,NO,61.99,5.14,53.6,76,75,6.93,1562558729
115,Kidal,2455290,ML,18.44,1.41,92.05,23,15,6.73,1562558729
116,Izazi,158825,TZ,-7.24,35.72,60.3,80,0,2.75,1562558729
117,Saint-Philippe,6138908,CA,45.36,-73.48,66.99,87,1,3.36,1562558730
118,Luderitz,3355672,NA,-26.65,15.16,57.2,71,0,6.93,1562558730
119,Zaoyang,1785462,CN,32.12,112.76,76.33,66,100,5.14,1562558730
120,Ribeira Grande,3372707,PT,38.52,-28.7,71.6,83,100,22.5,1562558730
121,Mana,2322907,NG,13.03,5.27,84.79,62,34,18.01,1562558731
122,Dikson,1507390,RU,73.51,80.55,32.92,93,90,17.83,1562558731
123,Longyearbyen,2729907,NO,78.22,15.63,50.0,76,0,6.93,1562558731
124,Moindou,2140466,NC,-21.69,165.68,73.4,49,75,19.46,1562558731
125,Anshun,1817968,CN,26.25,105.93,71.06,87,100,4.54,1562558732
126,Necochea,3430443,AR,-38.55,-58.74,37.99,92,100,5.01,1562558732
127,Mamou,2417833,GN,10.37,-12.08,70.84,98,100,2.62,1562558732
128,Staroaleyskoye,1491006,RU,51.01,82.0,69.03,63,0,3.74,1562558732
129,Port-Gentil,2396518,GA,-0.72,8.78,73.94,84,99,14.07,1562558732
130,Hofn,2630299,IS,64.25,-15.21,36.41,92,100,5.08,1562558733
131,Kloulklubed,7671223,PW,7.04,134.26,86.0,70,75,8.05,1562558733
132,Gat,2249901,SN,14.69,-16.54,75.2,83,11,8.05,1562558733
133,Mamallapuram,1263997,IN,12.63,80.17,95.0,41,40,16.11,1562558733
134,Broken Hill,2173911,AU,-31.97,141.45,57.2,58,0,10.29,1562558734
135,Isangel,2136825,VU,-19.55,169.27,77.0,73,75,14.99,1562558734
136,Demba,217389,CD,-5.47,22.27,64.29,51,1,1.66,1562558734
137,Novobiryusinskiy,1497142,RU,56.96,97.71,78.51,44,33,6.38,1562558734
138,Balclutha,2208248,NZ,-46.24,169.74,43.0,65,100,8.01,1562558735
139,Severo-Kurilsk,2121385,RU,50.68,156.12,42.03,98,100,3.04,1562558735
140,Deputatskiy,2028164,RU,69.3,139.9,67.03,41,24,8.97,1562558735
141,Kaitangata,2208248,NZ,-46.28,169.85,43.0,65,100,8.01,1562558735
142,Bereda,3105522,ES,43.27,-7.54,64.99,88,90,5.82,1562558736
143,Saint Anthony,5606187,US,43.97,-111.68,73.4,38,1,18.95,1562558736
144,Trapani,6542155,IT,38.02,12.54,87.01,45,0,4.7,1562558736
145,Sao Joao da Barra,3448903,BR,-21.64,-41.05,53.62,77,1,2.06,1562558737
146,Tateyama,1849876,JP,36.66,137.31,80.01,73,75,2.24,1562558737
147,Husavik,5961417,CA,50.56,-96.99,73.0,43,76,3.0,1562558737
148,Cayenne,3382160,GF,4.94,-52.33,75.2,94,0,3.0,1562558551
149,Koszalin,3095049,PL,54.19,16.18,59.0,65,100,23.42,1562558738
150,Asosa,343292,ET,10.07,34.53,65.7,81,100,3.47,1562558738
151,Upernavik,3418910,GL,72.79,-56.15,43.41,71,100,11.18,1562558738
152,Najran,103630,SA,17.54,44.22,82.4,23,40,6.93,1562558738
153,Lamar,5427957,US,38.09,-102.62,75.2,57,1,18.92,1562558739
154,Mehamn,778707,NO,71.03,27.85,48.2,81,0,4.7,1562558739
155,Vaini,1273574,IN,15.34,74.49,77.0,83,75,11.41,1562558739
156,Port Elizabeth,4501427,US,39.31,-74.98,75.2,88,75,6.93,1562558739
157,Wanning,3220813,AT,48.64,13.53,59.0,87,75,2.24,1562558740
158,Roald,3141667,NO,62.58,6.12,50.0,87,90,4.7,1562558740
159,Great Yarmouth,2647984,GB,52.61,1.73,55.99,82,99,2.24,1562558740
160,Chokurdakh,2126123,RU,70.62,147.9,62.89,53,23,9.04,1562558740
161,Anzio,6542092,IT,41.45,12.63,77.0,78,0,2.24,1562558741
162,Fort Nelson,5955902,CA,58.81,-122.69,60.8,59,75,4.7,1562558741
163,Say,2439812,NE,13.1,2.36,86.0,66,0,12.75,1562558741
164,Kamaishi,2112444,JP,39.28,141.86,71.6,60,20,9.17,1562558741
165,Provideniya,4031574,RU,64.42,-173.23,64.4,55,0,6.71,1562558742
166,Lebu,344979,ET,8.96,38.73,55.47,87,80,2.51,1562558742
167,Norman Wells,6089245,CA,65.28,-126.83,59.0,58,75,16.11,1562558742
168,Nanortalik,3421765,GL,60.14,-45.24,48.04,56,99,8.75,1562558742
169,Mount Gambier,2156643,AU,-37.83,140.78,53.6,93,40,10.29,1562558743
170,Arraial do Cabo,3471451,BR,-22.97,-42.02,63.16,76,96,9.17,1562558743
171,Zhigansk,2012530,RU,66.77,123.37,58.35,93,100,6.93,1562558743
172,Lima,3936456,PE,-12.06,-77.04,62.6,82,90,11.41,1562558703
173,Shingu,1847947,JP,33.72,135.99,80.6,74,75,10.29,1562558744
174,Oranjemund,3354071,ZA,-28.55,16.43,55.9,89,99,14.97,1562558744
175,Muzhi,1498161,RU,65.4,64.7,54.46,59,100,12.73,1562558744
176,Bara,2347758,NG,10.41,10.6,75.09,84,100,6.02,1562558744
177,Sinnamary,3380290,GF,5.38,-52.96,80.98,78,51,10.47,1562558744
178,Moose Factory,6078372,CA,51.26,-80.61,66.2,48,1,8.05,1562558745
179,Beringovskiy,2126710,RU,63.05,179.32,61.77,59,90,5.53,1562558745
180,Soc Trang,1567788,VN,9.6,105.98,89.6,70,40,10.29,1562558557
181,Soe,587876,EE,57.91,26.05,55.0,100,38,1.12,1562558745
182,Okhotsk,2122605,RU,59.36,143.24,59.79,65,4,11.95,1562558746
183,Ponta do Sol,3453439,BR,-20.63,-46.0,46.76,69,0,4.32,1562558746
184,Aksu,1524298,KZ,52.04,76.93,75.2,47,0,8.95,1562558746
185,Sitka,4267710,US,37.17,-99.65,70.0,96,100,7.67,1562558747
186,Greenwood,5966694,CA,49.09,-118.68,58.53,65,100,3.91,1562558747
187,Curuguaty,3437088,PY,-24.47,-55.69,43.21,87,0,3.4,1562558747
188,Te Anau,2181625,NZ,-45.41,167.72,41.14,65,50,7.38,1562558747
189,Kahului,5847411,US,20.89,-156.47,82.4,61,75,12.75,1562558748
190,Bubaque,2374583,GW,11.28,-15.83,80.04,85,100,15.28,1562558748
191,Khatanga,2022572,RU,71.98,102.47,51.87,73,100,6.22,1562558748
192,Carauari,3664659,BR,-4.88,-66.9,68.23,81,50,1.57,1562558748
193,Banyo,2234794,CM,6.75,11.81,64.24,92,100,2.08,1562558749
194,Saskylakh,2017155,RU,71.97,114.09,52.07,84,100,6.15,1562558749
195,Rocha,3440777,UY,-34.48,-54.34,39.7,81,100,3.65,1562558749
196,Fairbanks,5861897,US,64.84,-147.72,78.8,44,1,4.7,1562558750
197,Yakymivka,713743,UA,46.7,35.16,65.53,77,0,5.61,1562558750
198,Arsk,580850,RU,56.09,49.88,60.8,67,20,8.95,1562558750
199,Kodiak,4407665,US,39.95,-94.76,79.0,44,1,5.23,1562558750
200,Lianyuan,1804451,CN,27.69,111.67,69.37,99,100,3.87,1562558751
201,Marovoay,1059507,MG,-16.11,46.64,69.8,94,20,2.24,1562558751
202,Yaan,2338660,NG,7.38,8.57,72.54,91,87,6.76,1562558751
203,Port Lincoln,2063036,AU,-34.72,135.86,58.33,68,0,9.37,1562558752
204,Lorengau,2092164,PG,-2.02,147.27,82.06,77,81,15.3,1562558752
205,Yerbogachen,2012956,RU,61.28,108.01,73.42,52,0,8.52,1562558752
206,Segou,2252081,SN,12.41,-12.29,91.4,52,75,6.93,1562558752
207,Amberley,2193968,NZ,-43.15,172.73,50.0,66,79,9.17,1562558752
208,Villa Carlos Paz,3832791,AR,-31.42,-64.5,48.99,65,0,11.41,1562558753
209,Ponta Delgada,3372783,PT,37.73,-25.67,68.0,94,75,4.7,1562558665
210,Nerchinskiy Zavod,2019323,RU,51.31,119.61,59.43,94,100,5.44,1562558753
211,Bucerias,4016734,MX,20.76,-105.33,84.2,54,90,9.17,1562558754
212,Bajram Curri,781171,AL,42.36,20.08,73.4,69,40,3.36,1562558754
213,Miri,2347470,NG,10.31,9.75,70.09,90,100,5.12,1562558754
214,Turukhansk,1488903,RU,65.8,87.96,66.07,74,99,12.24,1562558754
215,Bull Savanna,3491161,JM,17.89,-77.59,82.71,73,36,9.44,1562558755
216,Poya,2138522,NC,-21.35,165.16,68.41,67,0,22.97,1562558755
217,Merauke,2082539,ID,-8.49,140.4,78.12,82,13,19.71,1562558755
218,Banjar,1650233,ID,-7.37,108.54,76.82,77,83,5.01,1562558755
219,Togur,1489499,RU,58.36,82.83,68.36,57,17,13.91,1562558756
220,Martinsicuro,3173833,IT,42.89,13.92,78.8,78,25,3.36,1562558756
221,Verkhnevilyuysk,2013639,RU,63.45,120.31,78.01,52,83,6.29,1562558756
222,Kavaratti,1267390,IN,10.57,72.64,86.0,79,40,9.17,1562558756
223,Sola,151211,TZ,-3.17,33.8,62.94,71,8,3.98,1562558756
224,Saldanha,2737599,PT,41.42,-6.55,60.33,91,34,1.7,1562558757
225,Leh,1264976,IN,34.16,77.58,40.03,63,0,3.29,1562558757
226,Taltal,3870243,CL,-25.41,-70.49,50.0,92,39,1.39,1562558757
227,Westport,4845585,US,41.14,-73.36,72.0,73,1,1.77,1562558464
228,Brae,2654970,GB,60.4,-1.35,50.0,93,63,4.7,1562558758
229,Kaspiysk,551847,RU,42.88,47.64,77.0,73,0,11.18,1562558758
230,Songjianghe,2034691,CN,42.18,127.48,82.63,32,0,4.14,1562558758
231,Auki,2339937,NG,12.18,6.51,77.31,73,100,16.02,1562558758
232,Saint-Georges,6295855,CA,46.12,-70.67,57.0,87,0,4.65,1562558758
233,Airai,1651810,TL,-8.93,125.41,81.36,55,14,3.49,1562558759
234,Singleton,2149475,AU,-32.57,151.17,63.0,87,75,6.93,1562558759
235,Riverton,5836665,US,43.02,-108.38,78.01,24,1,21.05,1562558759
236,Esperance,2071860,AU,-33.86,121.89,60.8,55,0,9.17,1562558759
237,Ilanskiy,1505933,RU,56.24,96.06,71.04,77,67,10.16,1562558760
238,Port Macquarie,2152659,AU,-31.43,152.91,66.0,93,90,4.7,1562558760
239,Skopelos,253581,GR,39.12,23.72,78.8,74,0,6.93,1562558760
240,Nynashamn,2687636,SE,58.9,17.95,59.0,76,100,6.93,1562558760
241,Mount Isa,2065594,AU,-20.73,139.49,78.8,39,40,12.75,1562558761
242,Ajdabiya,89113,LY,30.75,20.22,77.04,81,0,9.28,1562558761
243,Cherskiy,2126199,RU,68.75,161.3,68.7,44,72,5.46,1562558761
244,Yazman,172256,SY,36.74,38.46,75.27,57,0,4.5,1562558761
245,Rio Gallegos,3838859,AR,-51.62,-69.22,41.0,100,90,8.05,1562558762
246,Bacolod,1729564,PH,10.68,122.95,85.3,67,17,8.88,1562558762
247,Ostrovnoy,556268,RU,68.05,39.51,39.31,88,100,18.68,1562558762
248,Godda,1271113,IN,24.83,87.21,89.4,63,99,8.05,1562558762
249,Ewa Beach,5855051,US,21.32,-158.01,87.8,83,75,11.41,1562558763
250,Gazli,1513990,UZ,40.13,63.45,93.09,17,38,10.02,1562558763
251,Zemio,235826,CF,5.02,25.13,67.77,97,100,0.49,1562558763
252,Key West,5059429,US,47.93,-96.78,71.6,77,1,8.05,1562558763
253,Praia da Vitoria,3372760,PT,38.73,-27.07,71.6,88,40,18.75,1562558764
254,Fuling,1810979,CN,29.71,107.39,68.36,97,100,6.89,1562558764
255,Tirumala,1254373,IN,13.68,79.35,91.4,41,20,16.11,1562558764
256,Maragogi,3395458,BR,-9.01,-35.22,70.0,94,19,2.28,1562558478
257,Tefe,3661944,BR,-3.35,-64.71,72.5,91,38,1.74,1562558764
258,Zapolyarnyy,464790,RU,69.43,30.82,46.4,81,20,14.99,1562558765
259,Waipawa,2185329,NZ,-39.94,176.59,51.01,76,25,7.52,1562558765
260,Howard Springs,6301965,AU,-12.5,131.05,87.01,19,0,12.75,1562558765
261,Mayo,6068416,CA,63.59,-135.9,75.2,31,75,2.24,1562558766
262,Batagay,2027044,RU,67.65,134.64,75.51,30,100,8.95,1562558766
263,Panubigan,1957309,PH,7.13,122.25,84.2,79,75,1.12,1562558766
264,Itacoatiara,3397893,BR,-3.14,-58.44,73.11,94,100,0.34,1562558730
265,Meulaboh,1214488,ID,4.14,96.13,81.27,77,85,4.63,1562558598
266,Vryburg,942511,ZA,-26.96,24.73,42.4,79,0,6.38,1562558767
267,Lithgow,2160053,AU,-33.48,150.16,66.2,68,75,4.7,1562558767
268,Iqaluit,5983720,CA,63.75,-68.52,48.2,93,90,2.24,1562558767
269,Umea,602150,SE,63.83,20.26,53.6,100,90,11.41,1562558767
270,Ahipara,2194098,NZ,-35.17,173.16,57.99,100,93,20.02,1562558768
271,Pisco,3932145,PE,-13.71,-76.2,63.0,88,90,3.36,1562558768
272,Waingapu,1622318,ID,-9.65,120.26,78.24,62,58,15.52,1562558768
273,Biak,1637001,ID,-0.91,122.88,70.16,78,99,4.47,1562558768
274,Winnemucca,5710360,US,40.97,-117.74,73.4,25,1,5.82,1562558583
275,Wanxian,1791748,CN,30.8,108.39,67.33,97,100,6.49,1562558769
276,Laguna,3581398,BZ,16.17,-88.94,77.0,94,40,1.81,1562558769
277,Feldru,678358,RO,47.28,24.6,55.0,88,100,2.08,1562558769
278,Magdagachi,2020591,RU,53.45,125.8,82.8,40,8,7.65,1562558769
279,Vanimo,2084442,PG,-2.67,141.3,82.49,69,100,7.29,1562558770
280,Ellisras,1005768,ZA,-23.67,27.74,45.32,24,0,3.62,1562558770
281,Hovd,7626384,NO,63.83,10.7,52.0,93,75,10.29,1562558770
282,Obertyn,698825,UA,48.7,25.17,61.0,87,75,6.71,1562558771
283,Hithadhoo,1282256,MV,-0.6,73.08,84.06,76,0,14.25,1562558771
284,Dunedin,2191562,NZ,-45.87,170.5,44.01,71,100,15.01,1562558584
285,Erdenet,2031405,MN,49.03,104.04,68.76,56,0,6.33,1562558771
286,Narsaq,3421719,GL,60.91,-46.05,60.8,26,98,34.45,1562558771
287,Gunjur,2413419,GM,13.18,-16.76,78.04,87,100,12.44,1562558772
288,Nuuk,3421319,GL,64.17,-51.74,55.4,58,0,8.05,1562558575
289,Sumbe,3346015,AO,-11.2,13.84,71.98,79,100,3.2,1562558772
290,Minsk,625144,BY,53.9,27.56,53.6,87,40,4.47,1562558625
291,Sao Filipe,3374210,CV,14.9,-24.5,72.16,81,69,13.65,1562558772
292,Victoria,1733782,BN,5.28,115.24,84.2,79,75,5.82,1562558773
293,Vardo,4372777,US,39.62,-77.74,75.99,94,90,9.17,1562558773
294,Russell,4278471,US,38.9,-98.86,78.8,61,1,10.29,1562558773
295,Soure,2733851,PT,40.06,-8.63,64.0,100,75,1.12,1562558774
296,Bo Phloi,1153850,TH,14.32,99.52,84.34,64,100,6.46,1562558774
297,Port Blair,1259385,IN,11.67,92.75,86.0,79,40,10.29,1562558774
298,Gigmoto,1712961,PH,13.78,124.39,84.38,75,100,11.79,1562558774
299,Beroroha,1066831,MG,-21.68,45.17,57.83,78,0,2.17,1562558775
300,Sivaki,2016477,RU,52.63,126.75,83.53,41,32,7.61,1562558775
301,Havoysund,779622,NO,71.0,24.66,53.6,81,0,4.7,1562558775
302,Dingle,1714733,PH,11.0,122.67,86.95,67,4,10.33,1562558775
303,Constitucion,4011743,MX,23.99,-104.67,64.4,68,90,6.93,1562558776
304,Faya,110690,SA,18.39,42.45,69.8,52,20,5.17,1562558776
305,Sterling,4787534,US,39.0,-77.4,79.0,88,90,6.93,1562558662
306,Adrar,2508813,DZ,27.87,-0.29,89.6,10,0,16.11,1562558776
307,Moissala,2427697,TD,8.34,17.77,70.48,96,100,4.43,1562558776
308,Barao de Melgaco,3470871,BR,-16.19,-55.97,60.8,67,0,2.24,1562558777
309,Le Port,3036965,FR,42.87,1.37,69.01,68,100,1.12,1562558777
310,Itarema,3393692,BR,-2.92,-39.92,73.49,91,7,4.47,1562558777
311,Port Hardy,6111862,CA,50.7,-127.42,59.0,82,40,8.05,1562558751
312,East London,1006984,ZA,-33.02,27.91,57.2,62,0,8.05,1562558778
313,Eureka,5563397,US,40.8,-124.16,61.0,93,90,9.17,1562558603
314,Saint-Marc,3717588,HT,19.1,-72.7,84.29,75,89,5.97,1562558778
315,Kedrovyy,1538641,RU,56.17,91.82,71.6,53,40,11.18,1562558778
316,The Valley,3573374,AI,18.22,-63.06,82.4,74,20,11.41,1562558779
317,Jieshi,1805857,CN,22.82,115.83,88.0,81,100,3.0,1562558779
318,Kargil,1267776,PK,34.56,76.13,55.83,51,0,2.82,1562558779
319,Beloha,1067565,MG,-25.17,45.06,59.04,84,0,5.61,1562558779
320,Phan Thiet,1571058,VN,10.93,108.1,88.92,59,37,8.12,1562558780
321,Muli,7304020,CN,28.08,109.56,67.62,97,100,7.2,1562558780
322,Ayna,2521453,ES,38.55,-2.07,66.2,93,0,1.61,1562558780
323,Lonevag,3146978,NO,60.53,5.49,52.0,93,75,19.46,1562558781
324,Coquimbo,3893629,CL,-29.95,-71.34,53.01,93,75,8.55,1562558781
325,Carthage,4679272,US,32.16,-94.34,80.6,94,1,3.36,1562558781
326,Khipro,1173889,PK,25.83,69.38,88.03,60,21,22.73,1562558781
327,Lompoc,5367788,US,34.64,-120.46,60.01,82,90,10.29,1562558782
328,Lagoa,2267254,PT,37.14,-8.45,63.0,93,0,5.82,1562558782
329,Caluquembe,3351024,AO,-13.78,14.68,48.63,37,0,5.08,1562558782
330,Cururupu,3401148,BR,-1.82,-44.87,72.43,97,52,2.21,1562558782
331,Atar,2381334,MR,20.52,-13.05,90.9,15,1,12.77,1562558783
332,Margate,2158744,AU,-43.03,147.26,57.2,58,35,16.11,1562558783
333,Vanatori,662841,RO,45.73,27.25,68.0,88,90,9.17,1562558783
334,Flin Flon,5954718,CA,54.77,-101.88,61.79,97,96,3.6,1562558784
335,Hamilton,5969785,CA,43.26,-79.87,68.0,77,40,5.82,1562558730
336,Udachnyy,2014624,RU,66.42,112.4,64.4,77,90,4.47,1562558784
337,Malpe,1264037,IN,13.35,74.72,77.0,94,75,3.36,1562558784
338,Inta,1505579,RU,66.04,60.13,54.52,60,31,10.69,1562558784
339,Maningrida,2067089,AU,-12.05,134.23,86.41,39,0,9.04,1562558785
340,Katsuura,1865309,JP,33.93,134.5,82.99,74,75,9.17,1562558785
341,Bowen,2174444,AU,-20.01,148.25,75.2,69,40,18.34,1562558785
342,Jacareacanga,3397763,BR,-6.22,-57.76,72.54,93,0,1.88,1562558785
343,Visnes,3131500,NO,59.36,5.22,52.0,76,99,19.46,1562558786
344,Broome,2656067,GB,52.47,1.45,55.99,82,57,2.24,1562558786
345,Hershey,5193342,US,40.29,-76.65,75.2,94,90,3.11,1562558569
346,Kununurra,2068110,AU,-15.77,128.74,86.0,22,0,14.99,1562558786
347,Sayyan,70979,YE,15.17,44.32,75.96,56,85,2.62,1562558786
348,Hambantota,1244926,LK,6.12,81.12,86.0,79,40,16.11,1562558764
349,Cockburn Town,3576994,TC,21.46,-71.14,81.54,76,5,18.81,1562558787
350,Carutapera,3402648,BR,-1.2,-46.02,77.34,83,24,4.79,1562558787
351,Urucara,3385670,BR,-2.54,-57.76,73.31,95,93,1.41,1562558787
352,Sturgeon Bay,5274867,US,44.83,-87.38,62.6,93,1,2.46,1562558634
353,Rodas,3541999,CU,22.34,-80.56,77.0,88,73,2.24,1562558788
354,Nova Olinda do Norte,3393838,BR,-3.89,-59.1,73.67,95,99,1.68,1562558788
355,Mahibadhoo,1337605,MV,3.78,72.97,83.8,71,20,7.72,1562558788
356,Ilo,3938415,PE,-17.65,-71.34,61.5,88,98,9.53,1562558788
357,Leningradskiy,2123814,RU,69.38,178.42,54.23,59,80,14.72,1562558789
358,Kandrian,2094746,PG,-6.21,149.55,83.28,65,16,12.06,1562558789
359,Paducah,4048662,US,37.08,-88.6,80.6,88,75,4.34,1562558789
360,Novo Aripuana,3663142,BR,-5.12,-60.38,72.05,96,100,0.36,1562558789
361,Zeya,2012593,RU,53.74,127.27,79.16,50,0,10.16,1562558790
362,George Town,1735106,MY,5.42,100.33,89.6,70,75,8.05,1562558790
363,Paraguacu Paulista,3455152,BR,-22.41,-50.58,46.78,85,0,10.4,1562558790
364,Bercel,3055130,HU,47.87,19.4,64.0,82,0,8.05,1562558790
365,Ulladulla,2145554,AU,-35.36,150.48,66.2,55,75,14.99,1562558791
366,Cape Coast,2302357,GH,5.11,-1.24,74.86,90,60,13.8,1562558791
367,Bom Jesus do Galho,3469426,BR,-19.83,-42.32,56.48,73,53,3.65,1562558791
368,Ozark,4402245,US,37.02,-93.21,77.0,100,1,3.47,1562558791
369,Sabratah,2212771,LY,32.79,12.49,77.16,60,0,0.54,1562558792
370,Peniche,2264923,PT,39.36,-9.38,64.0,88,20,2.24,1562558792
371,Ouadda,236901,CF,8.07,22.4,67.21,98,100,6.06,1562558792
372,Presidencia Roque Saenz Pena,3840300,AR,-26.79,-60.44,42.85,69,71,5.84,1562558793
373,Salalah,286621,OM,17.01,54.1,82.4,88,75,5.82,1562558793
374,Mula,2513436,ES,38.04,-1.49,77.0,78,47,4.7,1562558614
375,Iracoubo,3381428,GF,5.48,-53.21,74.1,94,54,3.31,1562558793
376,Millinocket,4972220,US,45.66,-68.71,60.8,72,1,3.36,1562558793
377,Solec Kujawski,3085172,PL,53.08,18.22,53.01,81,0,12.75,1562558794
378,Tanabe,1850708,JP,33.73,135.39,80.6,74,75,10.29,1562558794
379,Rosarito,3676604,CO,4.91,-75.23,68.0,94,40,6.93,1562558794
380,Tucuman,3934608,PE,-17.17,-70.89,52.39,35,0,2.44,1562558794
381,Comodoro Rivadavia,3860443,AR,-45.87,-67.48,42.8,100,20,12.75,1562558795
382,Pasni,1168312,PK,25.26,63.48,83.48,73,19,3.29,1562558795
383,Loknya,527034,RU,54.21,39.24,57.0,94,87,4.59,1562558795
384,Petropavlovsk-Kamchatskiy,2122104,RU,53.05,158.65,50.0,100,90,11.18,1562558795
385,Morant Bay,3489440,JM,17.88,-76.41,84.2,54,20,13.87,1562558796
386,Antalaha,1071296,MG,-14.9,50.28,65.52,94,100,2.13,1562558796
387,Paciran,1633442,ID,-6.9,112.33,80.67,65,7,5.86,1562558796
388,Ilulissat,3423146,GL,69.22,-51.1,51.8,57,96,2.24,1562558797
389,Bathsheba,3374083,BB,13.22,-59.52,82.4,78,20,17.22,1562558797
390,Ancud,3899695,CL,-41.87,-73.83,50.0,100,90,14.99,1562558797
391,Gusinoye Ozero,2023778,RU,51.11,106.26,74.97,23,0,6.67,1562558797
392,Kuna,5597955,US,43.49,-116.42,82.4,29,1,7.2,1562558694
393,Walvis Bay,3359638,NA,-22.95,14.51,55.4,54,0,4.7,1562558798
394,Henties Bay,3356832,NA,-22.12,14.28,60.19,68,0,11.41,1562558798
395,Buta,217570,CD,2.79,24.73,68.85,98,100,1.16,1562558799
396,Hay River,5972762,CA,60.82,-115.79,51.8,71,40,10.29,1562558799
397,Da Lat,1584071,VN,11.95,108.44,81.79,63,28,3.67,1562558799
398,Watertown,5232741,US,44.9,-97.12,73.4,78,1,4.7,1562558799
399,Wladyslawowo,3081752,PL,54.79,18.4,57.99,100,75,6.93,1562558800
400,Sorland,3137469,NO,67.67,12.69,50.11,86,100,9.95,1562558800
401,Bulz,683310,RO,46.91,22.68,63.0,93,77,5.82,1562558800
402,Pierre,5767918,US,44.37,-100.35,75.99,73,75,6.93,1562558612
403,Kaputa,176758,ZM,-8.47,29.66,58.23,54,2,1.92,1562558800
404,Nurota,1513087,UZ,40.56,65.69,89.6,22,0,4.7,1562558801
405,Zaysan,1517060,KZ,47.47,84.87,78.78,38,0,7.05,1562558801
406,Bobcaygeon,8125787,CA,44.54,-78.55,62.01,93,1,2.3,1562558801
407,Baculin,1729469,PH,7.45,126.58,83.35,68,3,5.12,1562558802
408,Paamiut,3421193,GL,61.99,-49.67,47.08,73,99,8.46,1562558802
409,Aitape,2101169,PG,-3.15,142.36,86.9,57,95,4.52,1562558802
410,La Ronge,6050066,CA,55.1,-105.3,64.4,82,75,3.62,1562558802
411,Banmankhi,1277263,IN,25.89,87.19,79.3,92,100,15.82,1562558803
412,Mandera,187896,ET,3.94,41.86,75.06,68,100,7.56,1562558803
413,Sagaing,1298482,MM,21.88,95.98,89.6,62,75,17.22,1562558803
414,Kalmunai,1242110,LK,7.42,81.82,86.27,50,58,2.8,1562558804
415,Monrovia,2274895,LR,6.33,-10.8,75.88,89,100,9.48,1562558804
416,Mangai,2313084,CD,-4.07,19.59,67.93,73,85,1.81,1562558804
417,Tyrma,2014694,RU,50.04,132.17,88.12,40,32,3.38,1562558804
418,Sala,2680662,SE,59.92,16.61,59.0,71,99,6.93,1562558804
419,Buraydah,107304,SA,26.33,43.97,82.4,30,0,3.36,1562558746
420,Velez,3667725,CO,9.11,-75.09,76.77,95,39,7.2,1562558805
421,Daru,2098329,PG,-9.07,143.21,79.93,82,51,12.26,1562558805
422,Benguela,3351663,AO,-12.58,13.4,69.89,87,6,8.68,1562558805
423,Acapulco,3533462,MX,16.86,-99.88,84.2,79,20,5.82,1562558642
424,Megion,1499053,RU,61.04,76.11,60.8,82,75,13.42,1562558806
425,Xicotencatl,3483063,MX,23.02,-98.88,82.99,65,0,5.01,1562558806
426,Babu,1801374,CN,23.23,104.89,77.13,72,100,7.27,1562558806
427,Ocos,3592086,GT,14.51,-92.19,78.8,94,40,4.41,1562558807
428,Yankton,5233053,US,42.87,-97.4,77.0,78,1,6.93,1562558807
429,Wajima,1848976,JP,37.4,136.9,73.4,78,75,5.82,1562558807
430,Magadan,2123628,RU,59.56,150.8,50.4,81,90,8.28,1562558807
431,Juneau,5554072,US,58.3,-134.42,77.0,49,20,10.29,1562558558
432,Bristol,2654675,GB,51.45,-2.6,57.2,87,75,3.36,1562558808
433,Atambua,1651103,ID,-9.11,124.89,78.6,67,0,4.18,1562558808
434,Swan Hill,2147756,AU,-35.34,143.56,58.55,64,0,8.55,1562558808
435,Pinawa,6104820,CA,50.15,-95.88,70.0,55,62,1.01,1562558809
436,Bukachacha,2026023,RU,52.99,116.91,65.26,54,100,4.45,1562558809
437,Masindi,229362,UG,1.69,31.72,64.89,88,62,2.28,1562558809
438,Maksatikha,531979,RU,57.8,35.88,48.79,92,0,2.62,1562558809
439,Raahe,640276,FI,64.68,24.47,50.0,76,90,10.29,1562558809
440,Knokke-Heist,2794216,BE,51.33,3.33,59.0,71,34,4.7,1562558810
441,Nanae,2129003,JP,41.94,140.7,68.0,64,75,16.11,1562558810
442,Yatou,2225940,CM,3.63,9.81,76.95,85,96,15.75,1562558810
443,Crixas,3465145,BR,-14.55,-49.97,65.97,49,0,4.0,1562558810
444,Oban,2641108,GB,56.42,-5.47,46.99,90,100,3.13,1562558811
445,Churachandpur,1273909,IN,24.33,93.67,77.0,94,75,1.23,1562558811
446,Fairlie,4682762,US,33.31,-95.96,87.01,78,1,3.36,1562558811
447,Kumluca,305681,TR,36.37,30.29,64.33,45,0,5.79,1562558811
448,Opportunity,5637146,US,46.11,-112.83,60.8,63,1,3.18,1562558812
449,Eyl,60019,SO,7.98,49.82,77.7,66,100,29.53,1562558812
450,Cedral,4014914,MX,23.82,-100.72,70.81,58,63,14.63,1562558812
451,Soyo,2236967,AO,-6.13,12.37,73.71,83,34,7.76,1562558812
452,Khandbari,1283217,NP,27.38,87.21,61.0,96,85,3.65,1562558812
453,Sioux Lookout,6148373,CA,50.1,-91.92,69.8,82,90,2.24,1562558813
454,Klaksvik,2618795,FO,62.23,-6.59,48.2,93,92,12.75,1562558813
455,Gorodishche,559643,RU,53.27,45.7,64.0,81,98,3.76,1562558813
456,Shache,1280037,CN,38.42,77.24,75.0,96,79,5.53,1562558813
457,Nabire,1634614,ID,-3.36,135.5,79.21,70,89,3.65,1562558814
458,Cap-aux-Meules,5915327,CA,47.38,-61.86,58.62,65,0,9.64,1562558814
459,Novomykolayivka,705811,UA,48.54,32.26,64.04,92,100,7.16,1562558814
460,Vila Franca do Campo,3372472,PT,37.72,-25.43,68.0,94,75,4.7,1562558814
461,Touros,3386213,BR,-5.2,-35.46,73.4,94,0,4.7,1562558815
462,Suchedniow,757886,PL,51.05,20.83,55.99,86,49,8.84,1562558815
463,Ginda,1253628,IN,30.69,78.49,77.0,94,90,2.82,1562558815
464,Katangli,2122783,RU,51.71,143.23,49.51,95,100,6.82,1562558815
465,Santa Quiteria,2514891,ES,37.67,-1.69,77.0,87,97,1.03,1562558816
466,Cap Malheureux,934649,MU,-19.98,57.61,71.01,100,75,1.12,1562558816
467,Calbuco,3897334,CL,-41.77,-73.13,51.8,87,0,13.87,1562558816
468,Mersing,1732826,MY,2.43,103.84,87.24,61,0,3.83,1562558816
469,Karratha,6620339,AU,-20.74,116.85,79.61,28,0,8.21,1562558817
470,Helena,5656882,US,46.59,-112.04,62.6,72,75,2.15,1562558817
471,Abidjan,2293538,CI,5.32,-4.02,75.2,94,20,3.36,1562558622
472,Kuusankoski,649919,FI,60.91,26.62,55.99,93,75,5.82,1562558817
473,Saint-Augustin,6138501,CA,45.63,-73.98,66.99,55,5,4.7,1562558818
474,Tarko-Sale,1490085,RU,64.92,77.78,54.0,93,100,21.23,1562558818
475,Tevriz,1489661,RU,57.51,72.4,66.18,65,15,6.11,1562558818
476,San Patricio,3437029,PY,-26.98,-56.83,41.67,75,64,4.85,1562558818
477,Egvekinot,4031742,RU,66.32,-179.17,72.61,37,13,7.4,1562558818
478,Espita,3527720,MX,21.01,-88.31,77.18,80,100,4.9,1562558819
479,Xining,1788852,CN,36.62,101.77,51.24,82,96,5.7,1562558819
480,Ploemeur,2986732,FR,47.73,-3.43,62.01,93,35,6.93,1562558819
481,Olinda,2154386,AU,-37.84,145.39,60.8,62,40,10.29,1562558819
482,Kushiro,2129072,JP,43.11,144.15,60.8,82,75,8.05,1562558820
483,Warman,6176226,CA,52.32,-106.58,73.99,64,75,6.93,1562558820
484,Tautira,4033557,PF,-17.73,-149.15,80.6,78,75,10.29,1562558820
485,Kupang,2057087,ID,-10.16,123.6,84.2,42,20,11.41,1562558820
486,Zambezi,895953,ZM,-13.55,23.12,48.4,48,100,4.36,1562558820
487,Shar,2347266,NG,7.3,8.73,72.54,91,87,6.76,1562558821
488,Kasaragod,1267616,IN,12.5,75.0,77.0,94,75,3.36,1562558584
489,Vestmannaeyjar,3412093,IS,63.44,-20.27,52.48,69,0,13.2,1562558821
490,Ushtobe,1517637,KZ,45.25,77.98,92.01,19,0,8.14,1562558821
491,Aklavik,5882953,CA,68.22,-135.01,55.4,62,75,3.36,1562558822
492,Maamba,908718,ZM,-17.36,27.22,54.23,27,0,3.87,1562558822
493,San Jeronimo,3929607,PE,-13.65,-73.37,47.44,91,99,3.04,1562558822
494,Dalbandin,1180729,PK,28.9,64.41,91.63,12,0,2.37,1562558822
495,Saint George,262462,GR,39.45,22.34,71.6,56,0,4.7,1562558823
496,Svetlaya,2015852,RU,46.54,138.33,77.43,56,1,6.04,1562558823
497,Fos-sur-Mer,3017651,FR,43.44,4.95,78.01,64,0,4.7,1562558823
498,Dalby,2169535,AU,-27.18,151.26,64.4,68,90,3.36,1562558823
499,Presidente Medici,3924872,BR,-11.18,-61.9,66.29,69,0,3.87,1562558824
500,Vangaindrano,1054329,MG,-23.35,47.6,60.15,86,2,3.98,1562558824
501,Moree,2156927,AU,-29.46,149.84,59.0,87,75,9.17,1562558824
502,Charters Towers,2171722,AU,-20.07,146.27,70.54,75,99,10.85,1562558825
503,Cuiaba,3465038,BR,-15.6,-56.1,60.8,67,0,2.24,1562558825
504,Ndjole,2397674,GA,-0.18,10.76,70.32,92,86,2.44,1562558825
505,Itoman,1861280,JP,26.12,127.67,87.8,79,75,14.99,1562558826
506,Ketchikan,5554428,US,55.34,-131.65,60.8,77,20,14.99,1562558826
507,Marsh Harbour,3571913,BS,26.54,-77.06,83.34,75,100,15.64,1562558826
508,Angoram,2100765,PG,-4.06,144.07,88.23,61,93,2.57,1562558826
509,Itaituba,3397967,BR,-4.26,-55.99,72.45,89,8,1.03,1562558827
510,Kathmandu,1283240,NP,27.71,85.32,78.8,83,75,4.7,1562558593
511,Buala,2109528,SB,-8.15,159.59,81.03,83,100,10.18,1562558827
512,Sayat,1218436,TM,38.78,63.88,91.4,24,0,2.24,1562558827
513,San Angelo,5530022,US,31.46,-100.44,73.4,94,20,1.72,1562558725
514,Lugovoy,1498919,RU,59.72,65.88,57.51,83,100,0.45,1562558828
515,Sikasso,2451185,ML,11.32,-5.68,71.78,91,91,7.38,1562558828
516,Bandar,1205733,BD,22.29,91.78,80.6,94,90,13.87,1562558828
517,Istmina,3680453,CO,5.16,-76.69,74.57,96,97,2.95,1562558829
518,Porto Novo,6322184,BR,-23.68,-45.44,46.4,93,0,4.12,1562558829
519,Gidam,1271215,IN,18.98,81.4,76.84,90,99,9.55,1562558829
520,Skogn,3138701,NO,63.7,11.19,48.99,93,75,10.29,1562558829
521,Cabra,2520645,ES,37.47,-4.43,64.0,77,0,3.36,1562558830
522,Lata,1253628,IN,30.78,78.62,50.63,83,11,4.43,1562558830
523,Vao,588365,EE,59.1,26.19,53.62,87,100,3.38,1562558830
524,Sumenep,1626099,ID,-7.02,113.87,82.06,57,92,15.41,1562558830
525,San Cristobal,3609418,HN,14.68,-86.92,67.62,96,100,2.19,1562558831
526,Naze,2337542,NG,5.43,7.07,72.07,96,98,5.32,1562558831
527,Okha,2122614,RU,53.59,142.95,55.2,73,83,6.17,1562558831
528,Coxim,3465228,BR,-18.5,-54.75,56.86,46,0,11.07,1562558831
529,Oktyabrskoye,1511846,RU,56.73,85.44,73.0,60,0,11.18,1562558832
530,Lensk,2020838,RU,60.71,114.91,77.05,39,100,5.75,1562558832
531,Moron,3720455,HT,18.56,-74.26,81.36,76,77,3.42,1562558832
532,Wattegama,1241622,LK,7.35,80.68,82.83,60,39,5.77,1562558832
533,Frontera,3527545,MX,18.53,-92.64,78.8,83,40,13.87,1562558833
